[
  {
    "id": 1,
    "name": "Nến Lavender thư giãn",
    "scent": "Lavender",
    "size": "3x3 inch",
    "price": 80000,
    "stock": 30,
    "quantity": 1,
    "image": "https://img.websosanh.vn/v10/users/review/images/ys8yn33z4e1or/nen-thom-lavender.jpg?compress=85",
    "ingredients": "Sáp đậu nành, tinh dầu lavender",
    "description": "Nến thơm Lavender giúp thư giãn tinh thần, giảm căng thẳng sau ngày dài. Được làm từ sáp đậu nành tự nhiên, không chứa hóa chất độc hại.",
    "burningTime": "40 to 50 hours",
    "material": "Sáp parafin cao cấp, bấc cotton không chì",
    "madeIn": "Việt Nam",
    "manufacturer": "Công ty Nến Việt",
    "safetyInstructions": "Đặt nến trên bề mặt phẳng, không để gần trẻ em hoặc vật dễ cháy."
  },
  {
    "id": 2,
    "name": "Nến Vanilla ngọt ngào",
    "scent": "Vanilla",
    "size": "3x3 inch",
    "price": 85000,
    "stock": 25,
    "quantity": 1,
    "image": "https://file.hstatic.net/200000455983/file/huong-vani_5ce16635b8d7422ea5e6666b64f6ff5b_grande.png",
    "ingredients": "Sáp ong, tinh dầu vanilla",
    "description": "Nến thơm Vanilla mang đến hương thơm ngọt ngào, giúp tạo không gian ấm cúng và thư giãn.",
    "burningTime": "40 to 50 hours",
    "material": "Sáp ong tự nhiên, bấc cotton không chì",
    "madeIn": "Việt Nam",
    "manufacturer": "Công ty Nến Việt",
    "safetyInstructions": "Đặt nến trên bề mặt phẳng, không để gần trẻ em hoặc vật dễ cháy."
  },
  {
    "id": 3,
    "name": "Nến Gỗ Đàn Hương sang trọng",
    "scent": "Sandalwood",
    "size": "3x3 inch",
    "price": 90000,
    "stock": 18,
    "quantity": 1,
    "image": "https://file.hstatic.net/200000455999/file/nen-thom-huong-go_8ccc6136e412452085c522d1740da5ba_grande.png",
    "ingredients": "Sáp dừa, tinh dầu gỗ đàn hương",
    "description": "Hương gỗ đàn hương ấm áp, sang trọng, thích hợp cho không gian thiền định và thư giãn.",
    "burningTime": "40 to 50 hours",
    "material": "Sáp dừa tự nhiên, bấc cotton không chì",
    "madeIn": "Việt Nam",
    "manufacturer": "Công ty Nến Việt",
    "safetyInstructions": "Đặt nến trên bề mặt phẳng, không để gần trẻ em hoặc vật dễ cháy."
  },
  {
    "id": 4,
    "name": "Nến Trà Xanh thanh mát",
    "scent": "Green Tea",
    "size": "3x3 inch",
    "price": 75000,
    "stock": 35,
    "quantity": 1,
    "image": "https://adm.thechillinghome.com/wp-content/uploads/2024/03/Nen-Thom-The-Chilling-Home-love-u-so-Matcha.jpg",
    "ingredients": "Sáp đậu nành, tinh dầu trà xanh",
    "description": "Hương trà xanh tươi mát, giúp giải tỏa căng thẳng và mang lại cảm giác sảng khoái.",
    "burningTime": "40 to 50 hours",
    "material": "Sáp đậu nành, bấc cotton không chì",
    "madeIn": "Việt Nam",
    "manufacturer": "Công ty Nến Việt",
    "safetyInstructions": "Đặt nến trên bề mặt phẳng, không để gần trẻ em hoặc vật dễ cháy."
  },
  {
    "id": 5,
    "name": "Nến Hoa Nhài nhẹ nhàng",
    "scent": "Jasmine",
    "size": "3x3 inch",
    "price": 87000,
    "stock": 28,
    "quantity": 1,
    "image": "https://bizweb.dktcdn.net/100/293/212/files/285979774-3325555457675864-3324516768494738635-n.jpg?v=1654307036504",
    "ingredients": "Sáp cọ, tinh dầu hoa nhài",
    "description": "Nến thơm hoa nhài mang đến cảm giác dễ chịu, nhẹ nhàng và thư thái.",
    "burningTime": "40 to 50 hours",
    "material": "Sáp cọ tự nhiên, bấc cotton không chì",
    "madeIn": "Việt Nam",
    "manufacturer": "Công ty Nến Việt",
    "safetyInstructions": "Đặt nến trên bề mặt phẳng, không để gần trẻ em hoặc vật dễ cháy."
  },
  {
    "id": 6,
    "name": "Nến Cam Bergamot tươi mát",
    "scent": "Bergamot",
    "size": "3x3 inch",
    "price": 82000,
    "stock": 20,
    "quantity": 1,
    "image": "https://batluario.vn/wp-content/uploads/2023/01/zippo-barber-street-orange-bergamot-odor-masking-candle-nen-thom-zippo-huong-cam-bergamot-huong-ngot.jpg",
    "ingredients": "Sáp đậu nành, tinh dầu cam bergamot",
    "description": "Mùi hương cam bergamot tươi mát giúp giảm stress và tạo không gian thư giãn.",
    "burningTime": "40 to 50 hours",
    "material": "Sáp đậu nành, bấc cotton không chì",
    "madeIn": "Việt Nam",
    "manufacturer": "Công ty Nến Việt",
    "safetyInstructions": "Đặt nến trên bề mặt phẳng, không để gần trẻ em hoặc vật dễ cháy."
  },
  {
    "id": 7,
    "name": "Nến Hoa Hồng quyến rũ",
    "scent": "Rose",
    "size": "3x3 inch",
    "price": 95000,
    "stock": 15,
    "quantity": 1,
    "image": "https://down-vn.img.susercontent.com/file/4da9922a2eae8bc666596bf74baa246e",
    "ingredients": "Sáp ong, tinh dầu hoa hồng",
    "description": "Nến thơm hoa hồng mang lại hương thơm quyến rũ, giúp không gian trở nên lãng mạn và sang trọng.",
    "burningTime": "40 to 50 hours",
    "material": "Sáp ong tự nhiên, bấc cotton không chì",
    "madeIn": "Việt Nam",
    "manufacturer": "Công ty Nến Việt",
    "safetyInstructions": "Đặt nến trên bề mặt phẳng, không để gần trẻ em hoặc vật dễ cháy."
  },
  {
    "id": 8,
    "name": "Nến Chanh Sả thư giãn",
    "scent": "Lemongrass",
    "size": "3x3 inch",
    "price": 78000,
    "stock": 32,
    "quantity": 1,
    "image": "https://foresty.vn/wp-content/uploads/2024/08/kiotviet_d9ecf2474a3014f5b9dc4eb6b2e05ff8.jpg",
    "ingredients": "Sáp cọ, tinh dầu chanh sả",
    "description": "Mùi hương chanh sả giúp thanh lọc không khí, đuổi muỗi và tạo cảm giác thư giãn.",
    "burningTime": "40 to 50 hours",
    "material": "Sáp cọ tự nhiên, bấc cotton không chì",
    "madeIn": "Việt Nam",
    "manufacturer": "Công ty Nến Việt",
    "safetyInstructions": "Đặt nến trên bề mặt phẳng, không để gần trẻ em hoặc vật dễ cháy."
  }
]
